sequence,category,subgroup,character,unicode,generation_role,template_page,cell_index,cell_id
1,한글,대표 음절,가,U+AC00,초성-세로모음-무받침; 중성-무받침-전형,1,1,P01-C01
2,한글,대표 음절,까,U+AE4C,초성-세로모음-무받침,1,2,P01-C02
3,한글,대표 음절,나,U+B098,초성-세로모음-무받침,1,3,P01-C03
4,한글,대표 음절,다,U+B2E4,초성-세로모음-무받침,1,4,P01-C04
5,한글,대표 음절,따,U+B530,초성-세로모음-무받침,1,5,P01-C05
6,한글,대표 음절,라,U+B77C,초성-세로모음-무받침,1,6,P01-C06
7,한글,대표 음절,마,U+B9C8,초성-세로모음-무받침,1,7,P01-C07
8,한글,대표 음절,바,U+BC14,초성-세로모음-무받침,1,8,P01-C08
9,한글,대표 음절,빠,U+BE60,초성-세로모음-무받침,1,9,P01-C09
10,한글,대표 음절,사,U+C0AC,초성-세로모음-무받침,1,10,P01-C10
11,한글,대표 음절,싸,U+C2F8,초성-세로모음-무받침,1,11,P01-C11
12,한글,대표 음절,아,U+C544,초성-세로모음-무받침,1,12,P01-C12
13,한글,대표 음절,자,U+C790,초성-세로모음-무받침,1,13,P01-C13
14,한글,대표 음절,짜,U+C9DC,초성-세로모음-무받침,1,14,P01-C14
15,한글,대표 음절,차,U+CC28,초성-세로모음-무받침,1,15,P01-C15
16,한글,대표 음절,카,U+CE74,초성-세로모음-무받침,1,16,P01-C16
17,한글,대표 음절,타,U+D0C0,초성-세로모음-무받침,1,17,P01-C17
18,한글,대표 음절,파,U+D30C,초성-세로모음-무받침,1,18,P01-C18
19,한글,대표 음절,하,U+D558,초성-세로모음-무받침,1,19,P01-C19
20,한글,대표 음절,고,U+ACE0,초성-가로모음-무받침; 중성-무받침-전형,1,20,P01-C20
21,한글,대표 음절,꼬,U+AF2C,초성-가로모음-무받침,1,21,P01-C21
22,한글,대표 음절,노,U+B178,초성-가로모음-무받침,1,22,P01-C22
23,한글,대표 음절,도,U+B3C4,초성-가로모음-무받침,1,23,P01-C23
24,한글,대표 음절,또,U+B610,초성-가로모음-무받침,1,24,P01-C24
25,한글,대표 음절,로,U+B85C,초성-가로모음-무받침,1,25,P01-C25
26,한글,대표 음절,모,U+BAA8,초성-가로모음-무받침,1,26,P01-C26
27,한글,대표 음절,보,U+BCF4,초성-가로모음-무받침,1,27,P01-C27
28,한글,대표 음절,뽀,U+BF40,초성-가로모음-무받침,1,28,P01-C28
29,한글,대표 음절,소,U+C18C,초성-가로모음-무받침,1,29,P01-C29
30,한글,대표 음절,쏘,U+C3D8,초성-가로모음-무받침,1,30,P01-C30
31,한글,대표 음절,오,U+C624,초성-가로모음-무받침,1,31,P01-C31
32,한글,대표 음절,조,U+C870,초성-가로모음-무받침,1,32,P01-C32
33,한글,대표 음절,쪼,U+CABC,초성-가로모음-무받침,1,33,P01-C33
34,한글,대표 음절,초,U+CD08,초성-가로모음-무받침,1,34,P01-C34
35,한글,대표 음절,코,U+CF54,초성-가로모음-무받침,1,35,P01-C35
36,한글,대표 음절,토,U+D1A0,초성-가로모음-무받침,2,1,P02-C01
37,한글,대표 음절,포,U+D3EC,초성-가로모음-무받침,2,2,P02-C02
38,한글,대표 음절,호,U+D638,초성-가로모음-무받침,2,3,P02-C03
39,한글,대표 음절,간,U+AC04,초성-세로모음-받침; 종성-세로모음-전형,2,4,P02-C04
40,한글,대표 음절,깐,U+AE50,초성-세로모음-받침,2,5,P02-C05
41,한글,대표 음절,난,U+B09C,초성-세로모음-받침,2,6,P02-C06
42,한글,대표 음절,단,U+B2E8,초성-세로모음-받침,2,7,P02-C07
43,한글,대표 음절,딴,U+B534,초성-세로모음-받침,2,8,P02-C08
44,한글,대표 음절,란,U+B780,초성-세로모음-받침,2,9,P02-C09
45,한글,대표 음절,만,U+B9CC,초성-세로모음-받침; 중성-받침-전형,2,10,P02-C10
46,한글,대표 음절,반,U+BC18,초성-세로모음-받침,2,11,P02-C11
47,한글,대표 음절,빤,U+BE64,초성-세로모음-받침,2,12,P02-C12
48,한글,대표 음절,산,U+C0B0,초성-세로모음-받침,2,13,P02-C13
49,한글,대표 음절,싼,U+C2FC,초성-세로모음-받침,2,14,P02-C14
50,한글,대표 음절,안,U+C548,초성-세로모음-받침,2,15,P02-C15
51,한글,대표 음절,잔,U+C794,초성-세로모음-받침,2,16,P02-C16
52,한글,대표 음절,짠,U+C9E0,초성-세로모음-받침,2,17,P02-C17
53,한글,대표 음절,찬,U+CC2C,초성-세로모음-받침,2,18,P02-C18
54,한글,대표 음절,칸,U+CE78,초성-세로모음-받침,2,19,P02-C19
55,한글,대표 음절,탄,U+D0C4,초성-세로모음-받침,2,20,P02-C20
56,한글,대표 음절,판,U+D310,초성-세로모음-받침,2,21,P02-C21
57,한글,대표 음절,한,U+D55C,초성-세로모음-받침,2,22,P02-C22
58,한글,대표 음절,국,U+AD6D,초성-가로모음-받침,2,23,P02-C23
59,한글,대표 음절,꾹,U+AFB9,초성-가로모음-받침,2,24,P02-C24
60,한글,대표 음절,눅,U+B205,초성-가로모음-받침,2,25,P02-C25
61,한글,대표 음절,둑,U+B451,초성-가로모음-받침,2,26,P02-C26
62,한글,대표 음절,뚝,U+B69D,초성-가로모음-받침,2,27,P02-C27
63,한글,대표 음절,룩,U+B8E9,초성-가로모음-받침,2,28,P02-C28
64,한글,대표 음절,묵,U+BB35,초성-가로모음-받침,2,29,P02-C29
65,한글,대표 음절,북,U+BD81,초성-가로모음-받침,2,30,P02-C30
66,한글,대표 음절,뿍,U+BFCD,초성-가로모음-받침,2,31,P02-C31
67,한글,대표 음절,숙,U+C219,초성-가로모음-받침,2,32,P02-C32
68,한글,대표 음절,쑥,U+C465,초성-가로모음-받침,2,33,P02-C33
69,한글,대표 음절,욱,U+C6B1,초성-가로모음-받침,2,34,P02-C34
70,한글,대표 음절,죽,U+C8FD,초성-가로모음-받침,2,35,P02-C35
71,한글,대표 음절,쭉,U+CB49,초성-가로모음-받침,3,1,P03-C01
72,한글,대표 음절,축,U+CD95,초성-가로모음-받침,3,2,P03-C02
73,한글,대표 음절,쿡,U+CFE1,초성-가로모음-받침,3,3,P03-C03
74,한글,대표 음절,툭,U+D22D,초성-가로모음-받침,3,4,P03-C04
75,한글,대표 음절,푹,U+D479,초성-가로모음-받침,3,5,P03-C05
76,한글,대표 음절,훅,U+D6C5,초성-가로모음-받침,3,6,P03-C06
77,한글,대표 음절,개,U+AC1C,중성-무받침-전형,3,7,P03-C07
78,한글,대표 음절,갸,U+AC38,중성-무받침-전형,3,8,P03-C08
79,한글,대표 음절,걔,U+AC54,중성-무받침-전형,3,9,P03-C09
80,한글,대표 음절,거,U+AC70,중성-무받침-전형,3,10,P03-C10
81,한글,대표 음절,게,U+AC8C,중성-무받침-전형,3,11,P03-C11
82,한글,대표 음절,겨,U+ACA8,중성-무받침-전형,3,12,P03-C12
83,한글,대표 음절,계,U+ACC4,중성-무받침-전형,3,13,P03-C13
84,한글,대표 음절,과,U+ACFC,중성-무받침-전형,3,14,P03-C14
85,한글,대표 음절,괘,U+AD18,중성-무받침-전형,3,15,P03-C15
86,한글,대표 음절,괴,U+AD34,중성-무받침-전형,3,16,P03-C16
87,한글,대표 음절,교,U+AD50,중성-무받침-전형,3,17,P03-C17
88,한글,대표 음절,구,U+AD6C,중성-무받침-전형,3,18,P03-C18
89,한글,대표 음절,궈,U+AD88,중성-무받침-전형,3,19,P03-C19
90,한글,대표 음절,궤,U+ADA4,중성-무받침-전형,3,20,P03-C20
91,한글,대표 음절,귀,U+ADC0,중성-무받침-전형,3,21,P03-C21
92,한글,대표 음절,규,U+ADDC,중성-무받침-전형,3,22,P03-C22
93,한글,대표 음절,그,U+ADF8,중성-무받침-전형,3,23,P03-C23
94,한글,대표 음절,긔,U+AE14,중성-무받침-전형,3,24,P03-C24
95,한글,대표 음절,기,U+AE30,중성-무받침-전형,3,25,P03-C25
96,한글,대표 음절,맨,U+B9E8,중성-받침-전형,3,26,P03-C26
97,한글,대표 음절,먄,U+BA04,중성-받침-전형,3,27,P03-C27
98,한글,대표 음절,먠,U+BA20,중성-받침-전형,3,28,P03-C28
99,한글,대표 음절,먼,U+BA3C,중성-받침-전형,3,29,P03-C29
100,한글,대표 음절,멘,U+BA58,중성-받침-전형,3,30,P03-C30
101,한글,대표 음절,면,U+BA74,중성-받침-전형,3,31,P03-C31
102,한글,대표 음절,몐,U+BA90,중성-받침-전형,3,32,P03-C32
103,한글,대표 음절,몬,U+BAAC,중성-받침-전형,3,33,P03-C33
104,한글,대표 음절,뫈,U+BAC8,중성-받침-전형,3,34,P03-C34
105,한글,대표 음절,뫤,U+BAE4,중성-받침-전형,3,35,P03-C35
106,한글,대표 음절,묀,U+BB00,중성-받침-전형,4,1,P04-C01
107,한글,대표 음절,묜,U+BB1C,중성-받침-전형,4,2,P04-C02
108,한글,대표 음절,문,U+BB38,중성-받침-전형,4,3,P04-C03
109,한글,대표 음절,뭔,U+BB54,중성-받침-전형,4,4,P04-C04
110,한글,대표 음절,뭰,U+BB70,중성-받침-전형,4,5,P04-C05
111,한글,대표 음절,뮌,U+BB8C,중성-받침-전형,4,6,P04-C06
112,한글,대표 음절,뮨,U+BBA8,중성-받침-전형,4,7,P04-C07
113,한글,대표 음절,믄,U+BBC4,중성-받침-전형,4,8,P04-C08
114,한글,대표 음절,믠,U+BBE0,중성-받침-전형,4,9,P04-C09
115,한글,대표 음절,민,U+BBFC,중성-받침-전형,4,10,P04-C10
116,한글,대표 음절,각,U+AC01,종성-세로모음-전형,4,11,P04-C11
117,한글,대표 음절,갂,U+AC02,종성-세로모음-전형,4,12,P04-C12
118,한글,대표 음절,갃,U+AC03,종성-세로모음-전형,4,13,P04-C13
119,한글,대표 음절,갅,U+AC05,종성-세로모음-전형,4,14,P04-C14
120,한글,대표 음절,갆,U+AC06,종성-세로모음-전형,4,15,P04-C15
121,한글,대표 음절,갇,U+AC07,종성-세로모음-전형,4,16,P04-C16
122,한글,대표 음절,갈,U+AC08,종성-세로모음-전형,4,17,P04-C17
123,한글,대표 음절,갉,U+AC09,종성-세로모음-전형,4,18,P04-C18
124,한글,대표 음절,갊,U+AC0A,종성-세로모음-전형,4,19,P04-C19
125,한글,대표 음절,갋,U+AC0B,종성-세로모음-전형,4,20,P04-C20
126,한글,대표 음절,갌,U+AC0C,종성-세로모음-전형,4,21,P04-C21
127,한글,대표 음절,갍,U+AC0D,종성-세로모음-전형,4,22,P04-C22
128,한글,대표 음절,갎,U+AC0E,종성-세로모음-전형,4,23,P04-C23
129,한글,대표 음절,갏,U+AC0F,종성-세로모음-전형,4,24,P04-C24
130,한글,대표 음절,감,U+AC10,종성-세로모음-전형,4,25,P04-C25
131,한글,대표 음절,갑,U+AC11,종성-세로모음-전형,4,26,P04-C26
132,한글,대표 음절,값,U+AC12,종성-세로모음-전형,4,27,P04-C27
133,한글,대표 음절,갓,U+AC13,종성-세로모음-전형,4,28,P04-C28
134,한글,대표 음절,갔,U+AC14,종성-세로모음-전형,4,29,P04-C29
135,한글,대표 음절,강,U+AC15,종성-세로모음-전형,4,30,P04-C30
136,한글,대표 음절,갖,U+AC16,종성-세로모음-전형,4,31,P04-C31
137,한글,대표 음절,갗,U+AC17,종성-세로모음-전형,4,32,P04-C32
138,한글,대표 음절,갘,U+AC18,종성-세로모음-전형,4,33,P04-C33
139,한글,대표 음절,같,U+AC19,종성-세로모음-전형,4,34,P04-C34
140,한글,대표 음절,갚,U+AC1A,종성-세로모음-전형,4,35,P04-C35
141,한글,대표 음절,갛,U+AC1B,종성-세로모음-전형,5,1,P05-C01
142,한글,대표 음절,복,U+BCF5,종성-가로모음-전형,5,2,P05-C02
143,한글,대표 음절,볶,U+BCF6,종성-가로모음-전형,5,3,P05-C03
144,한글,대표 음절,볷,U+BCF7,종성-가로모음-전형,5,4,P05-C04
145,한글,대표 음절,본,U+BCF8,종성-가로모음-전형,5,5,P05-C05
146,한글,대표 음절,볹,U+BCF9,종성-가로모음-전형,5,6,P05-C06
147,한글,대표 음절,볺,U+BCFA,종성-가로모음-전형,5,7,P05-C07
148,한글,대표 음절,볻,U+BCFB,종성-가로모음-전형,5,8,P05-C08
149,한글,대표 음절,볼,U+BCFC,종성-가로모음-전형,5,9,P05-C09
150,한글,대표 음절,볽,U+BCFD,종성-가로모음-전형,5,10,P05-C10
151,한글,대표 음절,볾,U+BCFE,종성-가로모음-전형,5,11,P05-C11
152,한글,대표 음절,볿,U+BCFF,종성-가로모음-전형,5,12,P05-C12
153,한글,대표 음절,봀,U+BD00,종성-가로모음-전형,5,13,P05-C13
154,한글,대표 음절,봁,U+BD01,종성-가로모음-전형,5,14,P05-C14
155,한글,대표 음절,봂,U+BD02,종성-가로모음-전형,5,15,P05-C15
156,한글,대표 음절,봃,U+BD03,종성-가로모음-전형,5,16,P05-C16
157,한글,대표 음절,봄,U+BD04,종성-가로모음-전형,5,17,P05-C17
158,한글,대표 음절,봅,U+BD05,종성-가로모음-전형,5,18,P05-C18
159,한글,대표 음절,봆,U+BD06,종성-가로모음-전형,5,19,P05-C19
160,한글,대표 음절,봇,U+BD07,종성-가로모음-전형,5,20,P05-C20
161,한글,대표 음절,봈,U+BD08,종성-가로모음-전형,5,21,P05-C21
162,한글,대표 음절,봉,U+BD09,종성-가로모음-전형,5,22,P05-C22
163,한글,대표 음절,봊,U+BD0A,종성-가로모음-전형,5,23,P05-C23
164,한글,대표 음절,봋,U+BD0B,종성-가로모음-전형,5,24,P05-C24
165,한글,대표 음절,봌,U+BD0C,종성-가로모음-전형,5,25,P05-C25
166,한글,대표 음절,봍,U+BD0D,종성-가로모음-전형,5,26,P05-C26
167,한글,대표 음절,봎,U+BD0E,종성-가로모음-전형,5,27,P05-C27
168,한글,대표 음절,봏,U+BD0F,종성-가로모음-전형,5,28,P05-C28
169,한글,호환 자모,ㄱ,U+3131,호환 자모,5,29,P05-C29
170,한글,호환 자모,ㄲ,U+3132,호환 자모,5,30,P05-C30
171,한글,호환 자모,ㄴ,U+3134,호환 자모,5,31,P05-C31
172,한글,호환 자모,ㄷ,U+3137,호환 자모,5,32,P05-C32
173,한글,호환 자모,ㄸ,U+3138,호환 자모,5,33,P05-C33
174,한글,호환 자모,ㄹ,U+3139,호환 자모,5,34,P05-C34
175,한글,호환 자모,ㅁ,U+3141,호환 자모,5,35,P05-C35
176,한글,호환 자모,ㅂ,U+3142,호환 자모,6,1,P06-C01
177,한글,호환 자모,ㅃ,U+3143,호환 자모,6,2,P06-C02
178,한글,호환 자모,ㅅ,U+3145,호환 자모,6,3,P06-C03
179,한글,호환 자모,ㅆ,U+3146,호환 자모,6,4,P06-C04
180,한글,호환 자모,ㅇ,U+3147,호환 자모,6,5,P06-C05
181,한글,호환 자모,ㅈ,U+3148,호환 자모,6,6,P06-C06
182,한글,호환 자모,ㅉ,U+3149,호환 자모,6,7,P06-C07
183,한글,호환 자모,ㅊ,U+314A,호환 자모,6,8,P06-C08
184,한글,호환 자모,ㅋ,U+314B,호환 자모,6,9,P06-C09
185,한글,호환 자모,ㅌ,U+314C,호환 자모,6,10,P06-C10
186,한글,호환 자모,ㅍ,U+314D,호환 자모,6,11,P06-C11
187,한글,호환 자모,ㅎ,U+314E,호환 자모,6,12,P06-C12
188,한글,호환 자모,ㄳ,U+3133,호환 자모,6,13,P06-C13
189,한글,호환 자모,ㄵ,U+3135,호환 자모,6,14,P06-C14
190,한글,호환 자모,ㄶ,U+3136,호환 자모,6,15,P06-C15
191,한글,호환 자모,ㄺ,U+313A,호환 자모,6,16,P06-C16
192,한글,호환 자모,ㄻ,U+313B,호환 자모,6,17,P06-C17
193,한글,호환 자모,ㄼ,U+313C,호환 자모,6,18,P06-C18
194,한글,호환 자모,ㄽ,U+313D,호환 자모,6,19,P06-C19
195,한글,호환 자모,ㄾ,U+313E,호환 자모,6,20,P06-C20
196,한글,호환 자모,ㄿ,U+313F,호환 자모,6,21,P06-C21
197,한글,호환 자모,ㅀ,U+3140,호환 자모,6,22,P06-C22
198,한글,호환 자모,ㅄ,U+3144,호환 자모,6,23,P06-C23
199,한글,호환 자모,ㅏ,U+314F,호환 자모,6,24,P06-C24
200,한글,호환 자모,ㅐ,U+3150,호환 자모,6,25,P06-C25
201,한글,호환 자모,ㅑ,U+3151,호환 자모,6,26,P06-C26
202,한글,호환 자모,ㅒ,U+3152,호환 자모,6,27,P06-C27
203,한글,호환 자모,ㅓ,U+3153,호환 자모,6,28,P06-C28
204,한글,호환 자모,ㅔ,U+3154,호환 자모,6,29,P06-C29
205,한글,호환 자모,ㅕ,U+3155,호환 자모,6,30,P06-C30
206,한글,호환 자모,ㅖ,U+3156,호환 자모,6,31,P06-C31
207,한글,호환 자모,ㅗ,U+3157,호환 자모,6,32,P06-C32
208,한글,호환 자모,ㅘ,U+3158,호환 자모,6,33,P06-C33
209,한글,호환 자모,ㅙ,U+3159,호환 자모,6,34,P06-C34
210,한글,호환 자모,ㅚ,U+315A,호환 자모,6,35,P06-C35
211,한글,호환 자모,ㅛ,U+315B,호환 자모,7,1,P07-C01
212,한글,호환 자모,ㅜ,U+315C,호환 자모,7,2,P07-C02
213,한글,호환 자모,ㅝ,U+315D,호환 자모,7,3,P07-C03
214,한글,호환 자모,ㅞ,U+315E,호환 자모,7,4,P07-C04
215,한글,호환 자모,ㅟ,U+315F,호환 자모,7,5,P07-C05
216,한글,호환 자모,ㅠ,U+3160,호환 자모,7,6,P07-C06
217,한글,호환 자모,ㅡ,U+3161,호환 자모,7,7,P07-C07
218,한글,호환 자모,ㅢ,U+3162,호환 자모,7,8,P07-C08
219,한글,호환 자모,ㅣ,U+3163,호환 자모,7,9,P07-C09
220,영문,대문자,A,U+0041,대문자,7,10,P07-C10
221,영문,대문자,B,U+0042,대문자,7,11,P07-C11
222,영문,대문자,C,U+0043,대문자,7,12,P07-C12
223,영문,대문자,D,U+0044,대문자,7,13,P07-C13
224,영문,대문자,E,U+0045,대문자,7,14,P07-C14
225,영문,대문자,F,U+0046,대문자,7,15,P07-C15
226,영문,대문자,G,U+0047,대문자,7,16,P07-C16
227,영문,대문자,H,U+0048,대문자,7,17,P07-C17
228,영문,대문자,I,U+0049,대문자,7,18,P07-C18
229,영문,대문자,J,U+004A,대문자,7,19,P07-C19
230,영문,대문자,K,U+004B,대문자,7,20,P07-C20
231,영문,대문자,L,U+004C,대문자,7,21,P07-C21
232,영문,대문자,M,U+004D,대문자,7,22,P07-C22
233,영문,대문자,N,U+004E,대문자,7,23,P07-C23
234,영문,대문자,O,U+004F,대문자,7,24,P07-C24
235,영문,대문자,P,U+0050,대문자,7,25,P07-C25
236,영문,대문자,Q,U+0051,대문자,7,26,P07-C26
237,영문,대문자,R,U+0052,대문자,7,27,P07-C27
238,영문,대문자,S,U+0053,대문자,7,28,P07-C28
239,영문,대문자,T,U+0054,대문자,7,29,P07-C29
240,영문,대문자,U,U+0055,대문자,7,30,P07-C30
241,영문,대문자,V,U+0056,대문자,7,31,P07-C31
242,영문,대문자,W,U+0057,대문자,7,32,P07-C32
243,영문,대문자,X,U+0058,대문자,7,33,P07-C33
244,영문,대문자,Y,U+0059,대문자,7,34,P07-C34
245,영문,대문자,Z,U+005A,대문자,7,35,P07-C35
246,영문,소문자,a,U+0061,소문자,8,1,P08-C01
247,영문,소문자,b,U+0062,소문자,8,2,P08-C02
248,영문,소문자,c,U+0063,소문자,8,3,P08-C03
249,영문,소문자,d,U+0064,소문자,8,4,P08-C04
250,영문,소문자,e,U+0065,소문자,8,5,P08-C05
251,영문,소문자,f,U+0066,소문자,8,6,P08-C06
252,영문,소문자,g,U+0067,소문자,8,7,P08-C07
253,영문,소문자,h,U+0068,소문자,8,8,P08-C08
254,영문,소문자,i,U+0069,소문자,8,9,P08-C09
255,영문,소문자,j,U+006A,소문자,8,10,P08-C10
256,영문,소문자,k,U+006B,소문자,8,11,P08-C11
257,영문,소문자,l,U+006C,소문자,8,12,P08-C12
258,영문,소문자,m,U+006D,소문자,8,13,P08-C13
259,영문,소문자,n,U+006E,소문자,8,14,P08-C14
260,영문,소문자,o,U+006F,소문자,8,15,P08-C15
261,영문,소문자,p,U+0070,소문자,8,16,P08-C16
262,영문,소문자,q,U+0071,소문자,8,17,P08-C17
263,영문,소문자,r,U+0072,소문자,8,18,P08-C18
264,영문,소문자,s,U+0073,소문자,8,19,P08-C19
265,영문,소문자,t,U+0074,소문자,8,20,P08-C20
266,영문,소문자,u,U+0075,소문자,8,21,P08-C21
267,영문,소문자,v,U+0076,소문자,8,22,P08-C22
268,영문,소문자,w,U+0077,소문자,8,23,P08-C23
269,영문,소문자,x,U+0078,소문자,8,24,P08-C24
270,영문,소문자,y,U+0079,소문자,8,25,P08-C25
271,영문,소문자,z,U+007A,소문자,8,26,P08-C26
272,숫자,숫자,0,U+0030,숫자,8,27,P08-C27
273,숫자,숫자,1,U+0031,숫자,8,28,P08-C28
274,숫자,숫자,2,U+0032,숫자,8,29,P08-C29
275,숫자,숫자,3,U+0033,숫자,8,30,P08-C30
276,숫자,숫자,4,U+0034,숫자,8,31,P08-C31
277,숫자,숫자,5,U+0035,숫자,8,32,P08-C32
278,숫자,숫자,6,U+0036,숫자,8,33,P08-C33
279,숫자,숫자,7,U+0037,숫자,8,34,P08-C34
280,숫자,숫자,8,U+0038,숫자,8,35,P08-C35
281,숫자,숫자,9,U+0039,숫자,9,1,P09-C01
282,기호,기본 기호,.,U+002E,기본 기호,9,2,P09-C02
283,기호,기본 기호,",",U+002C,기본 기호,9,3,P09-C03
284,기호,기본 기호,!,U+0021,기본 기호,9,4,P09-C04
285,기호,기본 기호,?,U+003F,기본 기호,9,5,P09-C05
286,기호,기본 기호,:,U+003A,기본 기호,9,6,P09-C06
287,기호,기본 기호,;,U+003B,기본 기호,9,7,P09-C07
288,기호,기본 기호,',U+0027,기본 기호,9,8,P09-C08
289,기호,기본 기호,"""",U+0022,기본 기호,9,9,P09-C09
290,기호,기본 기호,(,U+0028,기본 기호,9,10,P09-C10
291,기호,기본 기호,),U+0029,기본 기호,9,11,P09-C11
292,기호,기본 기호,[,U+005B,기본 기호,9,12,P09-C12
293,기호,기본 기호,],U+005D,기본 기호,9,13,P09-C13
294,기호,기본 기호,{,U+007B,기본 기호,9,14,P09-C14
295,기호,기본 기호,},U+007D,기본 기호,9,15,P09-C15
296,기호,기본 기호,-,U+002D,기본 기호,9,16,P09-C16
297,기호,기본 기호,_,U+005F,기본 기호,9,17,P09-C17
298,기호,기본 기호,/,U+002F,기본 기호,9,18,P09-C18
299,기호,기본 기호,\,U+005C,기본 기호,9,19,P09-C19
300,기호,기본 기호,@,U+0040,기본 기호,9,20,P09-C20
301,기호,기본 기호,#,U+0023,기본 기호,9,21,P09-C21
302,기호,기본 기호,&,U+0026,기본 기호,9,22,P09-C22
303,기호,기본 기호,+,U+002B,기본 기호,9,23,P09-C23
304,기호,기본 기호,=,U+003D,기본 기호,9,24,P09-C24
305,기호,기본 기호,%,U+0025,기본 기호,9,25,P09-C25
306,기호,기본 기호,$,U+0024,기본 기호,9,26,P09-C26
307,기호,기본 기호,₩,U+20A9,기본 기호,9,27,P09-C27
